6446ZV7QY81QII4,True,False,0,AT&T,1.0.7 (1.2.56),2015-11-19 23:11:26,True,True,True,568,False,True,0,1,107.107.61.87,2015-11-22 19:54:15.779880,True,iPhone 5s,None,ios,8.1,None,True,False,None,320,True,False,2,0,-300,1.6.4,Paid,40,48
F614C8F7G0LHBTYX,True,False,0,Verizon,1.0.7 (1.2.56),2015-11-19 18:30:24,True,True,True,667,True,True,0,1,96.254.217.36,2015-11-22 15:45:46.315179,True,Unknown iPhone8,None,ios,9.1,None,True,False,None,375,True,True,2,0,-300,1.6.4,Paid,210,36
K8TJAX9P56DSK3Q1,False,False,0,Verizon,1.0.7 (1.2.56),2015-11-19 17:21:30,True,False,True,667,False,True,0,1,208.114.154.136,2015-11-22 21:21:09.014887,True,iPhone 6,None,ios,9.1,2015-11-19 17:20:56,True,False,None,375,True,False,3,0,-300,1.6.4,Paid,160,41
A09SWT6KCOXAJL7Q,True,False,0,AT&T,1.0.7 (1.2.56),2015-11-19 02:10:13,True,False,True,667,False,True,0,1,162.202.10.231,2015-11-23 23:29:08.578732,True,Unknown iPhone8,None,ios,9.2,None,True,False,None,375,True,True,4,0,-360,1.6.4,Paid,10,70
G1S3USCLWYCH2UJT,True,False,0,Bouygues Telecom,1.0.7 (1.2.56),2015-11-18 22:46:22,True,False,True,568,False,True,0,1,80.215.204.59,2015-11-19 06:21:30.801662,True,iPhone 5,None,ios,8.4.1,None,True,False,None,320,True,True,0,0,60,1.6.4,Paid,1759,64
D7XAVLXBX4X6H000,True,False,0,Sprint,1.0.7 (1.2.56),2015-11-18 21:18:32,True,True,True,736,None,True,0,1,4.15.242.106,2015-11-24 04:48:34.087021,True,iPhone 6 Plus,None,ios,8.4,None,True,False,None,414,True,True,5,0,-480,1.6.4,Paid,830,51
K7J7C9MIGBFT4ZRO,False,False,0,AT&T,1.0.7 (1.2.56),2015-11-18 18:41:43,True,False,True,568,False,True,0,1,64.134.99.81,2015-11-23 17:53:48.123984,True,iPhone 5c,None,ios,8.4,2015-11-18 18:41:10,True,False,None,320,True,True,4,0,-300,1.6.4,Paid,264,53
3NIATFKCFPPQQ91I,False,False,0,Other,1.0.7 (1.2.56),2015-11-14 16:31:14,True,False,False,480,False,True,0,1,140.251.74.33,2015-11-14 16:31:14,True,Unknown iPad5,None,ios,9.1,2015-11-14 16:30:46,True,False,None,320,True,True,0,0,-300,1.6.4,Paid,552,63
BAAJ60QGAHQVWIH3,False,False,0,Carrier,1.0.7 (1.2.56),2015-11-14 15:20:53,True,False,True,480,False,True,0,1,90.2.98.64,2015-11-24 03:41:35.147557,True,iPad 4,None,ios,9.1,2015-11-14 15:20:24,True,False,None,320,True,True,8,0,60,1.6.4,Paid,1759,64
JNELN21YFREGTQPZ,False,False,0,Other,1.0.7 (1.2.56),2015-11-14 11:08:15,True,False,False,480,False,True,0,1,188.236.13.17,2015-11-14 11:08:15,True,iPad mini 1G,None,ios,9.1,2015-11-14 11:07:47,True,False,None,320,True,True,-1,0,180,1.6.4,Paid,1230,56
E59HFOZLWK05ZGXQ,True,False,0,OPTUS,1.0.7 (1.2.56),2015-11-14 06:22:45,True,False,True,480,False,True,0,1,101.190.230.136,2015-11-22 12:32:09.192863,True,Unknown iPad2,None,ios,7.1,None,True,False,None,320,True,True,1,0,660,1.6.4,Paid,1598,54
DV41GPZ6NAWQPWL,True,False,0,Rogers,1.0.7 (1.2.56),2015-11-13 23:58:12,True,False,True,568,False,True,0,1,24.114.79.75,2015-11-24 00:09:48.279742,True,iPhone 6,None,ios,8.4,None,True,False,None,320,True,True,7,0,-480,1.6.4,Paid,230,59
6WQKASNF1WRF2N3Q,True,False,0,O2,1.0.7 (1.2.56),2015-11-12 17:16:38,True,False,True,568,False,True,0,1,86.6.111.165,2015-11-12 17:16:38,True,iPhone 5s,2015-11-14 15:09:02,ios,9.1,None,True,False,2015-11-14 15:09:02,320,True,True,0,0,0,1.6.4,Paid,630,14
2XOADEKB6RN1WKKE,True,False,0,Vodafone India,1.0.7 (1.2.56),2015-11-12 10:33:13,True,True,True,568,None,True,0,1,111.93.196.154,2015-11-20 11:28:40.524581,True,iPhone 5,None,ios,7.0.4,None,True,False,None,320,True,False,8,0,330,1.6.4,Paid,911,34
HK1VG2YRSTK3SDYW,True,False,0,Vodafone India,1.0.7 (1.2.56),2015-11-12 09:13:57,True,False,True,667,False,True,0,1,111.93.196.154,2015-11-12 09:13:57,True,iPhone 6,None,ios,8.3,None,True,False,None,375,True,False,4,0,330,1.6.4,Paid,568,27
6PO82MAZ2U1SW5BX,False,False,0,AT&T,1.0.7 (1.2.56),2015-11-11 22:20:56,True,False,False,667,False,True,0,1,50.134.179.126,2015-11-11 22:20:56,True,iPhone 6,None,ios,9.1,2015-11-11 22:20:31,True,False,None,375,True,True,1,0,-420,1.6.4,Paid,615,64
67R21UBP0NU43MZ8,False,False,0,Verizon,1.0.7 (1.2.56),2015-11-11 14:39:39,True,False,True,568,False,True,0,1,24.218.26.102,2015-11-23 01:43:09.380382,True,iPhone 5c,None,ios,9.1,2015-11-11 14:39:14,True,False,None,320,True,False,11,0,-300,1.6.4,Paid,707,49
LUT27HIP9N4C32JH,False,False,0,Singtel,1.0.7 (1.2.56),2015-11-11 00:57:33,True,False,True,667,False,True,0,1,14.100.132.129,2015-11-24 00:53:16.209382,True,iPhone 6,None,ios,8.1.3,2015-11-11 00:57:10,True,False,None,375,True,True,12,0,480,1.6.4,Paid,250,64
AC85DGPC9H5GQPN,True,False,1,dtac,1.0.7 (1.2.56),2015-11-11 00:31:25,True,False,True,667,False,True,0,1,1.46.0.31,2015-11-23 16:55:34.670707,True,Unknown iPhone8,None,ios,9.1,None,True,False,None,375,True,True,12,1,420,1.6.4,Paid,164,38
KK4P8JNOPWX50VRM,False,False,0,Other,1.0.7 (1.2.56),2015-11-10 21:01:55,True,False,False,480,False,True,0,1,75.121.82.63,2015-11-10 21:01:55,True,iPad Air,None,ios,9.1,2015-11-10 21:01:36,True,False,None,320,True,True,0,0,-420,1.6.4,Paid,615,64
A068PS0G2M61U0E1,True,False,0,O2,1.0.7 (1.2.56),2015-11-10 08:53:09,True,True,True,568,True,True,0,1,86.6.111.165,2015-11-10 08:53:09,True,iPhone 5s,None,ios,9.1,None,True,False,None,320,True,True,2,0,0,1.6.4,Paid,630,14
6W8DMQ1IUTFLA4Z8,True,False,0,Rogers,1.0.7 (1.2.56),2015-11-09 23:26:24,True,False,True,667,False,True,0,1,174.117.93.156,2015-11-22 00:55:05.744763,True,iPhone 6,None,ios,9.1,2015-11-11 14:03:40,True,False,None,375,True,True,12,0,-300,1.6.4,Paid,441,47
I2JGWZF3T50NNZIG,True,False,1,Bell,1.0.7 (1.2.56),2015-11-08 22:12:28,True,False,True,667,False,True,0,1,198.91.210.236,2015-11-08 22:12:28,True,Unknown iPhone8,None,ios,9.1,None,True,False,None,375,True,True,0,1,-300,1.6.4,Paid,20,10
5CTZS7QHHHHUWF1K,True,False,0,Verizon,1.0.7 (1.2.56),2015-11-08 21:09:21,True,False,True,480,False,True,0,1,74.101.16.15,2015-11-24 03:09:00.484651,True,iPad 4,None,ios,9.1,None,True,False,None,320,True,True,12,0,-300,1.6.4,Paid,2814,51
6B7IDP1TRTDMQCOU,True,False,0,Vodacom,1.0.7 (1.2.56),2015-11-08 20:38:20,True,True,True,667,True,True,0,1,154.69.105.211,2015-11-21 13:55:01.984516,True,iPhone 6,None,ios,9.1,None,True,False,None,375,True,True,12,0,120,1.6.4,Paid,300,57
41LKWBJY0KN37D1Q,True,False,0,dtac,1.0.7 (1.2.56),2015-11-08 12:57:25,True,False,True,480,False,True,0,1,27.55.233.136,2015-11-23 18:05:59.566292,True,Unknown iPad2,None,ios,8.1.3,None,True,False,None,320,True,True,15,0,420,1.6.4,Paid,70,54
EAJNY2NKQIF0W48D,True,False,0,CSL,1.0.7 (1.2.56),2015-11-08 08:02:21,True,True,True,736,False,True,0,1,14.0.207.84,2015-11-23 04:31:22.748264,True,iPhone 6 Plus,None,ios,9.1,2015-11-12 01:16:39,True,False,None,414,True,True,12,0,480,1.6.4,Paid,445,13
UGW52NU8VARFKAN,False,False,0,Verizon,1.0.7 (1.2.56),2015-11-07 17:08:30,True,False,True,568,False,True,0,1,24.218.26.102,2015-11-07 17:08:30,True,iPhone 5c,None,ios,9.1,2015-11-07 17:08:10,True,False,None,320,True,False,3,0,-300,1.6.4,Paid,707,49
FXHT5QTG87OYYJ8X,True,False,0,Other,1.0.7 (1.2.56),2015-11-07 01:50:10,True,False,True,480,False,True,0,1,110.174.101.247,2015-11-24 04:47:37.982904,True,iPad 3,None,ios,9.1,None,True,False,None,320,True,True,16,0,660,1.6.4,Paid,140,60
3QJC9BNZ18NV2ZDV,True,False,1,Other,1.0.7 (1.2.56),2015-11-06 00:36:03,True,False,True,480,False,True,0,1,174.134.37.26,2015-11-19 23:03:16.522955,True,iPad 4,None,ios,8.4,None,True,False,None,320,True,True,1,1,-480,1.6.4,Paid,830,51
35WU47KE6BVAVU7M,True,False,1,AT&T,1.0.7 (1.2.56),2015-11-05 17:42:23,True,True,True,736,None,True,0,1,107.107.60.149,2015-11-24 03:20:41.723925,True,iPhone 6 Plus,None,ios,9.0.2,None,True,False,None,414,True,True,17,1,-300,1.6.4,Paid,621,71
E66V6MNS9DED5D95,True,False,0,Sprint,1.0.7 (1.2.56),2015-11-04 21:33:06,True,True,True,736,None,True,0,0,174.134.37.26,2015-11-18 20:39:05.044942,True,iPhone 6 Plus,None,ios,8.4,None,True,False,None,414,True,True,13,0,-480,1.6.4,Paid,830,51
64T0621O2PSY9OHB,False,False,0,Rogers,1.0.7 (1.2.56),2015-11-03 20:46:20,True,False,True,480,False,True,0,1,24.85.86.45,2015-11-03 20:46:20,True,iPhone 4S,None,ios,8.3,2015-11-03 20:46:04,True,False,None,320,True,True,9,0,-480,1.6.4,Paid,230,59
LS9MHL70UO12IJLZ,True,False,0,OPTUS,1.0.7 (1.2.56),2015-11-03 09:42:01,True,False,True,568,False,True,0,1,121.44.95.88,2015-11-24 03:22:27.635394,True,iPhone 5,None,ios,9.1,None,True,False,None,320,True,False,20,0,660,1.6.4,Paid,3843,41
E4433M0MX00J4TTA,True,False,0,Virgin Mobile,1.0.7 (1.2.56),2015-11-03 02:34:39,True,True,True,667,True,True,0,1,110.174.101.247,2015-11-21 16:37:55.479017,True,iPhone 6,None,ios,9.1,None,True,False,None,375,True,True,12,0,660,1.6.4,Paid,140,60
DHJOTJD200URYY0J,True,False,0,Verizon,1.0.7 (1.2.56),2015-11-02 23:11:14,True,False,True,667,False,True,0,1,70.192.32.63,2015-11-24 00:26:14.165473,True,Unknown iPhone8,None,ios,9.2,2015-11-05 02:13:11,True,False,None,375,True,True,21,0,-300,1.6.4,Paid,552,63
5JECVVXDUFUGTTIW,True,False,2,Rogers,1.0.7 (1.2.56),2015-11-01 23:02:19,True,False,True,568,False,True,0,1,206.223.189.118,2015-11-01 23:02:19,True,iPhone 5,None,ios,9.1,None,True,False,None,320,True,True,8,2,-300,1.6.4,Paid,441,47
EWWB4XO7HKQMKLER,True,False,0,Virgin Mobile,1.0.7 (1.2.56),2015-11-01 12:45:26,True,True,True,667,True,True,0,1,110.174.101.247,2015-11-01 12:45:26,True,iPhone 6,None,ios,8.1.2,None,True,False,None,375,True,True,0,0,660,1.6.4,Paid,140,60
5QJ8JKD4SE9ZQMWK,False,False,0,OPTUS,1.0.7 (1.2.56),2015-11-01 09:45:06,True,True,True,736,True,True,0,1,120.152.30.241,2015-11-23 20:58:19.660636,True,iPhone 6 Plus,None,ios,8.3,2015-11-01 09:44:54,True,False,None,414,True,True,22,0,660,1.6.4,Paid,1598,54
HHBMAH1V16FRGNI5,False,False,0,Spark NZ,1.0.7 (1.2.56),2015-11-01 03:19:40,True,False,True,568,False,True,0,1,198.48.2.252,2015-11-18 19:40:32.081327,True,iPhone 5s,None,ios,8.4.1,2015-11-01 03:19:28,True,False,None,320,True,True,17,0,780,1.6.4,Paid,125,48
BR6630AR1AB0QFYU,True,False,0,Bouygues Telecom,1.0.7 (1.2.56),2015-10-31 18:27:20,True,False,True,568,False,True,0,1,80.215.205.204,2015-11-24 04:41:16.706250,True,iPhone 5,None,ios,9.1,None,True,False,None,320,True,True,22,0,60,1.6.4,Paid,1759,64
E3OE6JVVE5K0F5RW,True,False,0,\xe4\xb8\xad\xe8\x8f\xaf\xe9\x9b\xbb\xe4\xbf\xa1,1.0.7 (1.2.56),2015-10-31 01:58:42,True,False,True,480,False,True,0,1,75.157.50.55,2015-11-24 00:25:23.106912,True,Unknown iPad2,None,ios,8.3,None,True,False,None,320,True,True,22,0,-480,1.6.4,Paid,1555,44
EPT22OJWESBEQ8KG,True,False,0,Koodo,1.0.7 (1.2.56),2015-10-30 21:58:17,True,False,True,667,False,True,0,1,142.169.78.197,2015-11-23 20:54:15.996871,True,iPhone 6,None,ios,9.1,None,True,False,None,375,True,True,23,0,-240,1.6.4,Paid,10,70
IDRNDNMC6KGK6TRK,False,False,0,M1 Singapore,1.0.7 (1.2.56),2015-10-29 16:01:29,True,False,True,568,False,True,0,1,119.56.120.255,2015-11-24 00:55:40.567297,True,iPhone 5s,None,ios,8.4.1,2015-10-29 16:01:20,True,False,None,320,True,True,25,0,480,1.6.4,Paid,691,42
GE5G51VH8NPRB5YV,True,False,0,Verizon,1.0.7 (1.2.56),2015-10-29 14:09:50,True,True,True,667,True,True,0,1,24.131.243.187,2015-11-21 22:32:52.585822,True,iPhone 6,None,ios,9.1,None,True,False,None,375,True,True,23,0,-300,1.6.4,Paid,832,78
8IYEAV219QCSGO26,False,False,0,Orange France,1.0.7 (1.2.56),2015-10-23 23:59:40,True,False,True,568,False,True,0,1,90.43.114.189,2015-11-23 11:50:06.296073,True,iPhone 5s,None,ios,9.1,2015-10-23 23:59:38,True,False,None,320,True,True,29,0,60,1.6.4,Paid,1621,57
CUK7JQJRA0OPLDL2,True,False,0,Vodafone India,1.0.7 (1.2.56),2015-10-23 12:48:06,True,True,True,568,True,True,0,1,182.72.224.130,2015-11-20 11:29:36.875049,True,iPhone 5,None,ios,9.0.2,None,True,False,None,320,True,False,27,0,330,1.6.4,Paid,568,27
4PJWUFFCA99ZKBPB,True,False,0,VIVO,1.0.7 (1.2.56),2015-10-22 00:11:47,True,True,True,568,None,True,0,1,179.115.95.249,2015-11-23 21:20:41.901840,True,iPhone 5s,None,ios,9.1,None,True,False,None,320,True,True,32,0,-120,1.6.4,Paid,401,62
L408ASV0Q2YL6BBJ,True,False,0,\xe3\x82\xbd\xe3\x83\x95\xe3\x83\x88\xe3\x83\x90\xe3\x83\xb3\xe3\x82\xaf,1.0.7 (1.2.56),2015-10-20 12:52:35,True,True,True,736,None,True,0,1,124.35.43.241,2015-11-23 21:46:39.530745,True,Unknown iPhone8,None,ios,9.1,None,True,False,None,414,True,True,34,0,540,1.6.4,Paid,305,48
3F90TX3AU8RGCBKZ,False,False,0,Verizon,1.0.6 (1.2.41),2015-10-17 19:03:02,True,True,True,568,False,True,0,1,70.199.102.54,2015-11-22 02:00:26.455622,True,iPhone 5s,None,ios,7.1.2,2015-10-17 19:02:52,True,False,None,320,True,True,35,0,-300,1.6.4,Paid,381,61
GXQVQX5S2NN2XFOB,True,False,6,O2,1.0.7 (1.2.56),2015-10-15 21:39:53,True,True,True,667,False,True,0,1,83.201.239.96,2015-11-23 21:59:33.475094,True,Unknown iPhone8,None,ios,9.1,None,True,False,None,375,True,True,38,6,0,1.6.4,Paid,290,52
7PFIR52VOAYCU576,False,False,0,Sprint,1.0.7 (1.2.56),2015-10-14 00:01:37,True,False,True,667,False,True,0,1,66.87.121.200,2015-11-23 16:37:03.131752,True,iPhone 6,None,ios,8.4,2015-10-14 00:01:32,True,False,None,375,True,True,40,0,-360,1.6.4,Paid,672,66
D78CA0H5DEINNOI5,False,False,0,EE,1.0.7 (1.2.56),2015-10-13 15:44:37,True,True,True,667,True,True,0,1,86.158.158.204,2015-11-23 21:43:06.168618,True,iPhone 6,None,ios,8.1.3,2015-10-13 15:44:32,True,False,None,375,True,True,41,0,0,1.6.4,Paid,1093,60
LCZUYSFKO8VAV1BH,False,False,0,Swisscom,1.0.7 (1.2.56),2015-10-11 19:26:00,True,False,True,667,False,True,0,1,178.197.225.231,2015-11-23 21:22:47.645120,True,Unknown iPhone8,None,ios,9.1,2015-10-11 19:25:57,True,False,None,375,True,False,43,0,60,1.6.4,Paid,480,76
8W3DB6531KMFP13R,False,False,0,Verizon,1.0.7 (1.2.56),2015-10-09 14:15:09,True,True,True,480,False,True,2,1,50.243.83.251,2015-11-24 04:51:27.400230,True,iPhone 4,None,ios,7.1.2,2015-10-09 14:15:08,True,False,None,320,True,True,45,0,-300,1.6.4,Paid,1711,68
BFA2VR4JXMP8PIHR,True,False,0,Verizon,1.0.7 (1.2.56),2015-10-08 00:13:17,True,False,True,736,False,True,0,1,76.103.89.128,2015-11-24 02:32:09.592856,True,iPhone 6 Plus,None,ios,9.1,None,True,False,None,414,True,True,47,0,-480,1.6.4,Paid,3001,74
A789UDCWSGZWIOBS,True,False,7,Telcel,1.0.7 (1.2.56),2015-10-06 23:51:02,True,True,True,667,True,True,0,1,187.210.189.242,2015-11-21 03:44:33.701314,True,iPhone 6 Plus,None,ios,8.3,None,True,False,None,375,True,True,45,7,-360,1.6.4,Paid,290,30
5T9208Z0TJ3WF3WX,False,False,0,voda AU,1.0.7 (1.2.56),2015-10-05 23:11:23,True,False,True,568,False,True,1,1,120.19.158.6,2015-11-24 05:08:57.383934,True,iPhone 5s,None,ios,8.2,2015-10-05 23:10:51,True,False,None,320,True,True,49,0,660,1.6.4,Paid,3483,37
CVVT70MV0ZCYXY2P,True,False,2,Three,1.0.7 (1.2.56),2015-10-05 20:18:39,True,False,True,667,False,True,0,1,94.197.121.239,2015-11-22 15:07:45.691027,True,iPhone 6,None,ios,8.4,None,True,False,None,375,True,False,47,2,0,1.6.4,Paid,430,63
DGJ28FE154AC6AXE,True,False,0,Verizon,1.0.7 (1.2.56),2015-10-04 22:06:24,True,True,True,736,True,True,0,1,108.250.209.245,2015-11-21 16:29:59.562976,True,iPhone 6 Plus,None,ios,9.1,None,True,False,None,414,True,False,47,0,-360,1.6.4,Paid,153,76
6MQH55MORP91TFR2,True,False,0,Singtel,1.0.7 (1.2.56),2015-10-01 14:15:25,True,True,True,568,True,True,0,1,42.61.192.125,2015-11-24 04:29:14.294081,True,iPhone 5s,None,ios,9.1,None,True,False,None,320,True,True,52,0,420,1.6.4,Paid,2011,65
4X7D1KLFXAXPBEMK,True,False,0,Verizon,1.0.7 (1.2.56),2015-09-30 11:30:49,True,True,True,667,True,True,1,1,70.199.113.2,2015-11-24 05:16:32.489715,True,iPhone 6,None,ios,8.4,None,True,False,None,375,True,True,54,0,-300,1.6.4,Paid,2589,57
72C9ALJOQ8MWXR7Y,True,False,0,Other,1.0.7 (1.2.56),2015-09-29 22:39:01,True,True,True,480,None,True,1,1,185.79.102.166,2015-11-23 17:27:08.787283,True,iPad 4,None,ios,9.0.1,None,True,False,None,320,True,False,49,0,180,1.6.4,Paid,2731,55
JSJTWKYI93B47S4K,True,False,0,Verizon,1.0.7 (1.2.56),2015-09-29 20:37:59,True,True,True,667,False,True,3,1,98.113.82.34,2015-11-23 22:26:59.780049,True,iPhone 6,None,ios,8.2,None,True,False,None,375,True,False,55,0,-300,1.6.4,Paid,1996,32
6GYOSLJ5KM7WYUT3,True,False,0,Mobile TeleSystems,1.0.7 (1.2.56),2015-09-29 13:40:58,True,True,True,568,False,True,0,1,213.87.131.198,2015-11-22 20:28:17.153498,True,iPhone 5,None,ios,9.1,2015-09-30 07:54:24,True,False,None,320,True,False,51,0,180,1.6.4,Paid,2731,55
DPSC25PBSGVDWRI3,True,False,2,Orange Espa\xc3\xb1a,1.0.7 (1.2.56),2015-09-28 16:45:24,True,True,True,667,None,True,0,1,137.101.131.10,2015-11-20 23:17:28.772484,True,Unknown iPhone8,None,ios,9.1,None,True,False,None,375,True,True,53,2,60,1.6.4,Paid,1373,68
8D2ZSAMC11FINMGA,True,False,0,Other,1.0.7 (1.2.56),2015-09-27 22:20:05,True,True,True,480,True,True,0,1,71.123.156.246,2015-11-19 00:23:38.516086,True,iPad Air,None,ios,9.0,None,True,False,None,320,True,True,45,0,-360,1.6.4,Paid,1460,56
8Z1TP2RMMNK9SOUJ,True,False,0,Verizon,1.0.7 (1.2.56),2015-09-26 20:54:07,True,True,True,667,True,True,0,1,107.193.37.97,2015-11-23 04:43:13.250791,True,iPhone 6,None,ios,9.1,None,True,False,None,375,True,False,57,0,-360,1.6.4,Paid,1736,48
66DLMUVDV03I2O4Q,True,False,0,Verizon,1.0.7 (1.2.56),2015-09-26 15:30:41,True,True,True,568,True,True,0,1,70.199.113.186,2015-11-23 12:15:59.453147,True,iPhone 5s,None,ios,9.1,2015-10-01 10:35:22,True,False,None,320,True,True,57,0,-300,1.6.4,Paid,2814,51
IKONXLAH6NQYWJ6,True,False,0,E-Plus,1.0.7 (1.2.56),2015-09-26 08:57:41,True,True,True,667,True,True,0,1,5.146.103.235,2015-11-22 19:21:17.651808,True,Unknown iPhone8,None,ios,9.1,None,True,False,None,375,True,False,57,0,60,1.6.4,Paid,1622,50
LEAMYKVE2A53UUI5,True,False,0,AirTel,1.0.7 (1.2.56),2015-09-25 14:58:42,True,True,True,568,False,True,0,1,117.198.83.24,2015-11-22 01:36:47.053418,True,iPhone 5,None,ios,9.1,2015-10-05 15:43:32,True,False,None,320,True,True,55,0,330,1.6.4,Paid,978,49
J0N1CJ52CBQJD4L6,True,False,0,T-Mobile,1.0.7 (1.2.56),2015-09-23 22:22:42,True,False,True,667,False,True,0,1,68.198.154.71,2015-11-24 00:20:29.628516,True,iPhone 6,None,ios,8.3,2015-10-02 17:18:08,True,False,None,375,True,True,61,0,-300,1.6.4,Paid,680,43
ANSJQ7IYRZUEXI4M,True,False,0,AT&T,1.0.6 (1.2.41),2015-09-23 12:15:46,True,True,True,568,False,True,0,1,134.210.230.255,2015-11-23 15:51:38.529930,True,iPhone 5s,None,ios,9.1,None,True,False,None,320,True,True,61,0,-300,1.6.4,Paid,7986,49
JR9V6WUDGDAB196G,True,False,15,T-Mobile,1.0.7 (1.2.56),2015-09-23 00:49:24,True,True,True,736,False,True,0,1,198.217.64.130,2015-11-19 16:50:46.602556,True,iPhone 6 Plus,None,ios,8.4,None,True,False,None,414,True,True,57,15,-480,1.6.4,Paid,109,35
AOYLDL5C6F3KDO63,True,False,4,Verizon,1.0.7 (1.2.56),2015-09-21 13:22:28,True,True,True,480,True,True,0,1,69.146.233.3,2015-11-22 17:09:49.548658,True,iPhone 4S,None,ios,9.1,None,True,False,None,320,True,True,62,4,-420,1.6.4,Paid,160,53
K199ZVWHMJ9ZON38,True,False,0,AT&T,1.0.7 (1.2.56),2015-09-20 18:30:55,True,True,True,667,True,True,0,1,166.177.120.84,2015-11-24 01:38:38.130106,True,Unknown iPhone8,None,ios,9.1,2015-09-30 20:18:36,True,False,None,375,True,True,62,0,-360,1.6.4,Paid,1460,56
CAYCF5XS73MU24DM,True,False,4,Beeline,1.0.7 (1.2.56),2015-09-20 07:03:01,True,True,True,568,False,True,3,1,83.220.236.109,2015-11-23 11:54:51.947556,True,iPhone 5s,None,ios,8.1.2,None,True,False,None,320,True,False,64,4,180,1.6.4,Paid,1267,63
JA7EHU370OYB37FG,True,False,0,Carrier,1.0.7 (1.2.56),2015-09-18 19:19:27,True,True,True,736,None,True,0,1,213.87.145.175,2015-11-23 18:43:29.833244,True,iPhone 6 Plus,None,ios,9.1,None,True,False,None,414,True,False,65,0,180,1.6.4,Paid,969,38
3C1BHV42G2YNC0XA,True,False,0,OPTUS,1.0.7 (1.2.56),2015-09-18 10:32:14,True,True,True,667,None,True,0,1,121.44.95.88,2015-11-23 08:58:46.778798,True,iPhone 6,None,ios,8.1.1,None,True,False,None,375,True,False,65,0,660,1.6.4,Paid,3843,41
G629VP2DFSVY8V6H,True,False,0,Other,1.0.7 (1.2.56),2015-09-18 04:46:13,True,True,True,480,True,True,0,1,132.187.253.24,2015-11-23 22:46:22.803615,True,Unknown iPad5,None,ios,9.1,2015-10-04 14:31:12,True,False,None,320,True,True,66,0,60,1.6.4,Paid,3399,36
HOH51T41UQHMLCMP,True,False,5,AT&T,1.0.7 (1.2.56),2015-09-17 21:03:14,True,True,True,667,False,True,1,1,172.8.22.100,2015-11-24 02:47:04.149345,True,iPhone 6 Plus,None,ios,9.1,None,True,False,None,375,True,False,67,5,-300,1.6.4,Paid,2411,54
1V4U4TZHXZ0D28NA,True,False,0,Verizon,1.0.7 (1.2.56),2015-09-14 21:55:38,True,True,True,568,False,True,0,1,74.215.168.139,2015-11-21 14:14:35.880827,True,iPhone 5s,None,ios,8.1.3,2015-09-25 12:16:52,True,False,None,320,True,False,67,0,-300,1.6.4,Paid,40,45
F0RRT585R63UDF07,True,False,0,TELIA,1.0.7 (1.2.56),2015-09-14 20:26:38,True,True,True,480,None,True,0,1,213.67.206.226,2015-11-24 04:55:05.090201,True,iPhone 4S,None,ios,9.1,2015-11-07 13:49:30,True,False,None,320,True,True,69,0,60,1.6.4,Paid,1642,70
3HFFZ1PDY9NUFY2I,True,False,0,Carrier,1.0.7 (1.2.56),2015-09-12 14:37:11,True,True,True,568,None,True,0,1,63.143.73.39,2015-11-21 20:48:03.035649,True,iPhone 5s,None,ios,9.1,None,True,False,None,320,True,False,70,0,-240,1.6.4,Paid,2485,64
GB6KWGI2L595BZFE,True,False,0,Other,1.0.7 (1.2.56),2015-09-10 00:57:02,True,True,True,480,True,True,1,1,173.0.117.20,2015-11-23 18:19:33.598596,True,iPad 4,None,ios,7.0.4,None,True,False,None,320,True,True,64,0,-480,1.6.4,Paid,1685,35
5HXP1N14N74SANXT,True,False,0,Verizon,1.0.7 (1.2.56),2015-09-08 11:27:45,True,True,True,480,None,True,0,1,108.27.254.122,2015-11-24 03:32:46.489304,True,Unknown iPad5,None,ios,8.1.2,None,True,False,None,320,True,True,76,0,-300,1.6.4,Paid,2379,66
DYJ2QDITX5DF29ZB,True,False,0,o2-de,1.0.7 (1.2.56),2015-09-08 05:50:01,True,True,True,568,True,True,0,1,82.113.106.223,2015-11-23 22:19:41.190714,True,iPhone 5s,None,ios,9.1,None,True,False,None,320,True,True,70,0,60,1.6.4,Paid,3399,36
269VTJJNYML68ZNG,True,False,0,Other,1.0.7 (1.2.56),2015-09-06 18:34:03,True,True,True,480,True,True,0,1,24.150.212.33,2015-11-23 04:58:48.250519,True,iPad Air,None,ios,9.1,None,True,False,None,320,True,False,71,0,-300,1.6.4,Paid,1516,52
2S9AC37GEJTA8KBE,True,False,0,Rogers,1.0.7 (1.2.56),2015-09-05 03:33:08,True,True,True,667,True,True,0,1,24.114.80.92,2015-11-22 00:44:30.265160,True,Unknown iPhone8,None,ios,9.1,None,True,False,None,375,True,False,77,0,-420,1.6.4,Paid,460,69
4YTSWQ8ASQ20UX2C,True,False,0,Verizon,1.0.7 (1.2.56),2015-09-05 01:52:49,True,True,True,667,False,True,0,1,107.223.184.92,2015-11-19 12:55:50.463880,True,iPhone 6,None,ios,9.1,2015-10-01 00:42:49,True,False,None,375,True,True,75,0,-300,1.6.4,Paid,1534,61
5N28ZJ5X6JFYJHIH,True,False,0,Other,1.0.7 (1.2.56),2015-09-05 01:03:35,True,True,True,480,False,True,2,1,186.80.204.19,2015-11-24 04:31:27.385172,True,iPad mini 1G,None,ios,9.1,2015-10-05 04:24:00,True,False,None,320,True,True,72,0,-300,1.6.4,Paid,1308,52
J71NE1W5Q3OWPHQ2,True,False,0,movistar,1.0.7 (1.2.56),2015-09-05 00:03:47,True,True,True,568,False,True,2,1,74.71.117.130,2015-11-24 00:32:41.405104,True,iPhone 5s,None,ios,8.4.1,2015-10-02 01:31:22,True,False,None,320,True,True,78,0,-300,1.6.4,Paid,1308,52
IKH8GJDONB2MZED2,True,False,0,Globe,1.0.7 (1.2.56),2015-09-04 22:40:44,True,True,True,667,False,True,0,1,112.198.90.84,2015-11-21 07:09:51.896802,True,iPhone 6,None,ios,9.1,2015-09-30 00:50:02,True,False,None,375,True,True,77,0,480,1.6.4,Paid,2427,72
6JU559UWBNER5NOC,True,False,0,Sunrise,1.0.7 (1.2.56),2015-09-04 16:22:08,True,True,True,736,True,True,0,1,87.245.82.90,2015-11-22 10:45:39.166398,True,iPhone 6 Plus,None,ios,9.1,None,True,False,None,414,True,False,78,0,60,1.6.4,Paid,724,44
CTX47XZG5AVDM57O,True,False,0,Sprint,1.0.7 (1.2.56),2015-09-04 16:19:46,True,True,True,568,False,True,7,1,66.87.124.170,2015-11-20 22:09:42.726063,True,iPhone 5s,None,ios,9.1,None,True,False,None,320,True,True,77,0,-300,1.6.4,Paid,1741,69
GD8EI283Y7TLG4SN,True,False,0,POST,1.0.7 (1.2.56),2015-09-04 14:13:58,True,True,False,667,False,True,0,1,194.154.216.86,2015-11-24 05:19:49.118341,True,iPhone 6,None,ios,9.1,2015-10-09 15:27:08,True,False,None,375,True,False,79,0,120,1.6.4,Paid,640,78
4XFIEJNVE2FBS6EB,False,False,0,ソフトバンク,1.0.7 (1.2.56),2015-10-31 16:28:04,True,True,True,667,None,True,0,1,126.255.149.253,2015-10-31 16:28:04,True,iPhone 6 Plus,None,ios,9.1,2015-10-31 16:27:53,True,False,None,375,True,True,13,0,540,1.6.4,Paid,186,66
L9GOSFKKX0ALDWKE,False,False,0,SFR,1.0.7 (1.2.56),2015-10-30 21:32:45,True,True,True,667,True,True,0,1,77.154.202.207,2015-10-30 21:32:45,True,iPhone 6,None,ios,9.2,2015-10-30 21:32:34,True,False,None,375,True,False,12,0,60,1.6.4,Paid,271,35
6JNHMJOGO5WHSZ5F,True,False,0,TELUS,1.0.7 (1.2.56),2015-10-29 19:41:04,True,False,True,667,False,True,0,1,209.53.67.26,2015-10-29 19:41:04,True,iPhone 6,None,ios,9.1,None,True,False,None,375,True,True,5,0,-480,1.6.4,Paid,665,53
3U8ZK8GE94SGM9SX,True,False,2,Verizon,1.0.7 (1.2.56),2015-10-28 07:38:44,True,True,True,667,True,True,0,1,70.193.248.81,2015-10-28 07:38:44,True,Unknown iPhone8,2015-11-20 15:47:22,ios,9.1,None,True,False,2015-11-20 15:47:22,375,True,True,14,2,-300,1.6.4,Paid,210,36
7GC7XEO3H5LN3CUE,True,False,1,voda AU,1.0.7 (1.2.56),2015-10-28 03:12:41,True,True,True,736,None,True,0,1,120.21.9.23,2015-10-28 03:12:41,True,Unknown iPhone8,None,ios,9.1,None,True,False,None,414,True,True,19,1,660,1.6.4,Paid,180,49
H2X5G56U6JJZEJIN,True,False,0,Other,1.0.7 (1.2.56),2015-10-28 01:01:38,True,True,True,480,True,True,0,1,71.74.242.18,2015-10-28 01:01:38,True,iPad Air,None,ios,7.0.4,None,True,False,None,320,True,True,20,0,-300,1.6.4,Paid,801,69
B0593A6GZ08URWLY,False,False,0,o2-de,1.0.7 (1.2.56),2015-10-27 14:49:28,True,False,True,736,False,True,0,1,82.113.121.247,2015-10-27 14:49:28,True,Unknown iPhone8,None,ios,9.1,2015-10-27 14:49:22,True,False,None,414,True,False,14,0,60,1.6.4,Paid,240,48
20ZCGCFIVAE9E4S3,False,False,0,Verizon,1.0.7 (1.2.56),2015-10-24 20:08:56,True,False,True,568,False,True,0,1,70.192.27.42,2015-10-24 20:08:56,True,iPhone 5s,None,ios,9.0.2,2015-10-24 20:08:53,True,False,None,320,True,True,21,0,-300,1.6.4,Paid,388,64
KZ36954ASZVEPU35,True,False,0,Carrier,1.0.7 (1.2.56),2015-10-23 06:36:46,True,True,True,667,None,True,0,1,106.79.168.103,2015-10-23 06:36:46,True,iPhone 6,None,ios,9.1,None,True,False,None,375,True,True,21,0,330,1.6.4,Paid,2057,66
FF4EIMBWIZLH5Y1S,False,False,0,Other,1.0.7 (1.2.56),2015-10-19 20:18:05,True,False,True,480,False,True,0,1,89.129.225.44,2015-10-19 20:18:05,True,iPad Air,None,ios,9.1,2015-10-19 20:17:53,True,False,None,320,True,True,28,0,60,1.6.4,Paid,141,47
Y0VAOVOEYC8J1L7,True,False,0,Other,1.0.7 (1.2.56),2015-10-18 20:37:21,True,True,True,480,True,True,0,1,189.243.134.60,2015-10-18 20:37:21,True,iPad 4,None,ios,7.1.2,None,True,False,None,320,True,True,28,0,-360,1.6.4,Paid,1563,59
2650ZR5NXJQ44T7K,True,False,0,Other,1.0.7 (1.2.56),2015-10-15 00:58:25,True,False,True,480,False,True,0,1,189.243.138.243,2015-10-15 00:58:25,True,iPad mini 1G,None,ios,9.0,None,True,False,None,320,True,True,24,0,-360,1.6.4,Paid,1563,59
M0E6HEOB0B30WHP,True,False,0,Emtel,1.0.7 (1.2.56),2015-10-14 04:00:45.999594,True,True,True,667,None,True,0,1,41.136.224.125,2015-10-14 04:00:45.999579,True,iPhone 6,None,ios,9.0.2,None,True,False,None,375,True,True,3,0,240,1.6.4,Paid,60,72
9XVSTXABQGVYWYB8,True,False,0,EE,1.0.7 (1.2.56),2015-10-12 20:59:14.685771,True,False,True,667,False,True,0,1,86.170.214.203,2015-10-12 20:59:14.685756,True,iPhone 6,2015-10-13 14:18:40,ios,8.1.3,None,True,False,2015-10-13 14:18:40,375,True,True,0,0,60,1.6.4,Paid,1093,60
I3UP9KS3KI1Y9JKY,True,False,0,Verizon,1.0.7 (1.2.56),2015-10-12 09:53:02,True,False,True,736,False,True,0,1,70.199.76.70,2015-10-12 09:53:02,True,iPhone 6 Plus,None,ios,9.1,None,True,False,None,414,True,True,31,0,-300,1.6.4,Paid,806,7
EKRS0F64KZHT5F0P,True,False,0,Verizon,1.0.7 (1.2.56),2015-10-10 23:39:50,True,True,True,667,None,True,0,1,73.167.155.38,2015-10-10 23:39:50,True,Unknown iPhone8,None,ios,9.1,None,True,False,None,375,True,True,38,0,-300,1.6.4,Paid,1362,64
GGROUB6P82UE60MF,True,False,0,TELUS,1.0.7 (1.2.56),2015-10-08 18:16:11,True,True,True,667,False,True,0,1,209.171.188.51,2015-10-08 18:16:11,True,iPhone 6,None,ios,9.1,2015-10-08 18:40:24,True,False,None,375,True,False,31,0,-300,1.6.4,Paid,1674,58
AEA5M0968Y38H4LA,True,False,0,IUSACELL,1.0.7 (1.2.56),2015-10-07 03:34:33,True,False,True,568,False,True,0,1,189.203.217.153,2015-10-07 03:34:33,True,iPhone 5s,None,ios,8.1.2,None,True,False,None,320,True,True,23,0,-360,1.6.4,Paid,1563,59
BVI6SHTZYTFZONG3,True,False,0,Other,1.0.7 (1.2.56),2015-10-03 15:55:04.658427,True,False,True,480,False,True,0,1,174.44.93.113,2015-10-03 15:55:04.658408,True,iPad Air,None,ios,8.4,None,True,False,None,320,True,True,19,0,-300,1.6.4,Paid,680,43
GBLPNV7DOW0HPUFU,True,False,0,+Movil,1.0.7 (1.2.56),2015-10-01 10:10:25,True,True,True,667,True,True,0,1,186.74.48.181,2015-10-01 10:10:25,True,iPhone 6,None,ios,9.1,None,True,False,None,375,True,True,37,0,-300,1.6.4,Paid,1102,45
Z8UBFQ0F5DWFA4X,True,False,0,EE,1.0.7 (1.2.56),2015-09-30 16:33:32,True,False,True,667,False,True,0,1,87.83.222.178,2015-09-30 16:33:32,True,Unknown iPhone8,None,ios,9.1,None,True,False,None,375,True,True,29,0,0,1.6.4,Paid,1939,51
8MC6QGKW9LF8ZJZY,False,False,0,iPad,1.0.7 (1.2.56),2015-09-29 21:18:33.942106,True,False,False,480,False,True,0,1,17.207.224.255,2015-09-29 21:18:33.942090,True,Unknown iPad5,None,ios,9.0.1,2015-09-29 21:18:13,True,False,None,320,True,True,-1,0,-420,1.6.4,Paid,34,79
4UB83XJGFJ18TS25,True,False,1,T-Mobile,1.0.8 (1.2.59),2015-09-29 18:52:03,True,True,True,375,True,True,2,1,50.185.86.29,2015-09-29 18:52:03,True,Unknown iPhone8,None,ios,9.1,None,True,False,None,667,True,False,40,7,-360,1.7.0,Paid,70,40
FTGL96DSMEPE6V6P,True,False,0,Vodafone India,1.0.6 (1.2.41),2015-09-29 11:29:42.766615,True,True,True,568,False,True,0,0,115.254.92.121,2015-09-29 11:29:42.766600,True,iPhone 5,2015-10-02 10:46:20,ios,8.1.2,None,True,False,2015-10-02 10:46:20,320,True,False,0,0,330,1.6.4,Paid,568,27
8QFZQIILTRLEOB36,True,False,0,Other,1.0.6 (1.2.41),2015-09-29 01:02:31.359551,True,True,True,480,False,True,0,1,71.183.198.216,2015-09-29 01:02:31.359535,True,iPad 3,None,ios,7.1,None,True,False,None,320,True,False,16,0,-300,1.6.4,Paid,1996,32
7LCSRL4MBH96LRIL,True,False,0,Verizon,1.0.7 (1.2.56),2015-09-28 22:43:14,True,True,True,667,False,True,0,1,192.119.234.74,2015-09-28 22:43:14,True,Unknown iPhone8,None,ios,9.1,2015-09-30 01:14:52,True,False,None,375,True,True,47,0,-360,1.6.4,Paid,504,55
I9H83LEDSBBP7LBF,True,False,0,Other,1.0.7 (1.2.56),2015-09-28 14:29:03,True,True,True,480,None,True,0,1,82.156.177.82,2015-09-28 14:29:03,True,Unknown iPad5,None,ios,9.1,None,True,False,None,320,True,True,35,0,60,1.6.4,Paid,55,4
9SZHAOYX93HNSPD7,False,False,0,AT&T,1.0.6 (1.2.41),2015-09-28 01:53:35.395474,True,False,True,568,False,True,0,1,69.204.254.204,2015-09-28 01:53:35.395458,True,iPhone 5c,None,ios,8.4,2015-09-28 01:53:12,True,False,None,320,True,True,-1,0,-240,1.6.4,Paid,264,53
L7IGQCLRTVIM6W45,False,False,0,Verizon,1.0.7 (1.2.56),2015-09-27 02:44:03,True,True,True,667,None,True,0,1,70.192.22.188,2015-09-27 02:44:03,True,iPhone 6,None,ios,9.1,2015-09-27 02:43:50,True,False,None,375,True,True,43,0,-300,1.6.4,Paid,851,41
D203AZLO2XEUOA7O,True,False,0,Verizon,1.0.6 (1.2.41),2015-09-25 14:51:34.424051,True,True,True,568,True,True,0,1,107.213.15.22,2015-09-25 14:51:34.424035,True,iPhone 6 Plus,2015-10-10 15:27:07,ios,9.0.1,None,True,False,2015-10-10 15:27:07,320,True,False,2,0,-300,1.6.4,Paid,153,76
2CZOOWS2RLBFTHNO,True,False,0,Vodafone India,1.0.6 (1.2.41),2015-09-25 08:57:47.696936,True,True,True,568,False,True,1,0,115.254.92.121,2015-09-25 08:57:47.696919,True,iPhone 5,None,ios,7.0.4,None,True,False,None,320,True,False,0,0,330,1.6.4,Paid,911,34
6AAYGXXN8XMCTQRP,True,False,1,Verizon,1.0.6 (1.2.41),2015-09-24 22:16:49.246398,True,True,True,568,True,True,0,1,70.194.145.81,2015-09-24 22:16:49.246363,True,iPhone 6 Plus,2015-10-10 15:27:07,ios,9.0,None,True,False,2015-10-10 15:27:07,320,True,False,0,1,-300,1.6.4,Paid,153,76
161B7HNY1G1FO5Q3,True,False,5,movistar,1.0.7 (1.2.56),2015-09-24 16:16:24,True,True,True,736,None,True,1,1,176.83.21.108,2015-09-24 16:16:24,True,iPhone 6 Plus,None,ios,9.1,None,True,False,None,414,True,True,51,5,120,1.6.4,Paid,221,62
7YUNCCR6655J1QCP,True,False,0,Vodafone India,1.0.6 (1.2.41),2015-09-23 13:11:57.478373,True,True,True,568,False,True,0,0,182.72.224.130,2015-09-23 13:11:57.478357,True,iPhone 6 Plus,2015-11-06 11:13:04,ios,8.1.1,None,True,False,2015-11-06 11:13:04,320,True,False,0,0,330,1.6.4,Paid,568,27
LUW2T4TSHYVB959R,True,False,0,T-Mobile NL,1.0.7 (1.2.56),2015-09-20 21:09:22,True,True,True,667,None,True,0,1,145.90.59.162,2015-09-20 21:09:22,True,iPhone 6,None,ios,9.1,None,True,False,None,375,True,True,43,0,60,1.6.4,Paid,55,4
4OE2ZJ3IJJ4GBSN1,True,False,0,Vodafone India,1.0.6 (1.2.41),2015-09-18 14:28:18.175765,True,True,True,568,False,True,0,0,182.72.224.130,2015-09-18 14:28:18.175746,True,iPhone 6,None,ios,8.3,None,True,False,None,320,True,False,0,0,330,1.6.4,Paid,568,27
1FWCGXYJ7GBNPOA4,True,False,0,Verizon,1.0.7 (1.2.56),2015-09-18 00:53:46,True,True,True,667,None,True,0,1,70.192.72.139,2015-09-18 00:53:46,True,iPhone 6,None,ios,9.1,None,True,False,None,375,True,False,58,0,-300,1.6.4,Paid,892,58
1TVM7VCR1R4FKAJD,True,False,17,Vodacom,1.0.7 (1.2.56),2015-09-17 21:01:15,True,True,True,667,None,True,0,1,41.145.47.17,2015-09-17 21:01:15,True,iPhone 6,None,ios,9.1,None,True,False,None,375,True,True,52,17,120,1.6.4,Paid,300,57
8X50ED5EW06LC6IW,False,False,0,Rogers,1.0.6 (1.2.41),2015-09-17 17:45:27.931762,True,False,True,568,False,True,0,0,24.114.76.88,2015-09-17 17:45:27.931746,True,iPhone 6,None,ios,8.4.1,2015-09-17 17:45:17,True,False,None,320,True,True,-1,0,-240,1.6.4,Paid,10,70
DKMG7NU4U3L5E5IM,True,False,0,OPTUS,1.0.7 (1.2.56),2015-09-17 05:24:57.064642,True,True,True,568,False,True,1,1,49.195.8.85,2015-09-17 05:24:57.064626,True,iPhone 5,None,ios,9.0.1,None,True,False,None,320,True,False,14,0,600,1.6.4,Paid,3843,41
7OIEC2XMIXHWGJUR,True,False,0,Vodafone India,1.0.6 (1.2.41),2015-09-16 13:44:52.304416,True,True,True,568,None,True,3,0,182.72.224.130,2015-09-16 13:44:52.304401,True,iPhone 6,2015-09-15 10:41:33,ios,8.3,None,True,False,2015-09-15 10:41:33,320,True,False,0,0,330,1.6.4,Paid,911,34
2HKPH98LE5T6F5BL,True,False,0,Globe,1.0.6 (1.2.41),2015-09-16 09:07:53.308009,True,True,True,568,True,True,0,1,112.198.82.221,2015-09-16 09:07:53.307987,True,iPhone 6 Plus,None,ios,9.0.2,None,True,False,None,320,True,True,27,0,480,1.6.4,Paid,140,44
IIEMCIWRCBR7MWF2,False,False,0,AT&T,1.0.7 (1.2.56),2015-09-15 18:48:25,True,True,False,667,None,True,0,1,166.170.42.233,2015-09-15 18:48:25,True,iPhone 6,None,ios,9.1,2015-09-15 18:48:17,True,False,None,375,True,True,42,0,-420,1.6.4,Paid,190,53
C8NV61EADEKT8YV1,True,False,0,Other,1.0.7 (1.2.56),2015-09-14 22:47:35.540202,True,True,False,480,False,True,0,1,24.210.40.104,2015-09-14 22:47:35.540186,True,iPad 2,None,ios,9.0.1,2015-10-13 22:57:31,True,False,None,320,True,True,29,0,-240,1.6.4,Paid,977,72
ERWGSDP7LHRHG5O7,True,False,0,T-Mobile,1.0.6 (1.2.41),2015-09-12 17:07:50.236018,True,True,True,568,True,True,0,0,50.0.117.66,2015-09-12 17:07:50.235977,True,iPhone 5s,2015-11-19 12:07:17,ios,8.2,None,True,False,2015-11-19 12:07:17,320,True,True,1,0,-420,1.6.4,Paid,630,14
LCZGYVJT0CGXNPHR,True,False,0,Verizon,1.0.6 (1.2.41),2015-09-08 00:42:05.579084,True,True,True,568,True,True,0,0,70.198.0.207,2015-09-08 00:42:05.579038,True,iPhone 5s,None,ios,8.4.1,2015-09-09 20:07:33,True,False,None,320,True,True,7,0,-300,1.6.4,Paid,504,55
JJYX7WM46QF0CGWC,True,False,0,Other,1.0.6 (1.2.41),2015-09-07 23:29:48.303713,True,True,True,480,False,True,0,1,151.226.190.249,2015-09-07 23:29:48.303675,True,iPad mini 2G,None,ios,8.4,None,True,False,None,320,True,True,19,0,60,1.6.4,Paid,1939,51
1QQFVUPW5QK4E5DJ,True,False,0,o2-de,1.0.6 (1.2.41),2015-09-06 11:10:32.702781,True,True,True,480,None,True,0,0,89.204.138.251,2015-09-06 11:10:32.702757,True,iPhone 4S,None,ios,9.0,None,True,False,None,320,True,False,15,0,120,1.6.4,Paid,1622,50
HKBLR01EIFFFYV1V,True,False,0,Rogers,1.0.7 (1.2.56),2015-09-06 04:48:37.425929,True,True,False,667,False,True,0,1,99.246.178.96,2015-09-06 04:48:37.425891,True,iPhone 6,None,ios,8.4,2015-09-30 12:05:00,True,False,None,375,True,True,24,0,-240,1.6.4,Paid,120,43
73WJAX8JM2B8O3JB,False,False,0,Koodo,1.0.6 (1.2.41),2015-09-06 02:40:11.776045,True,True,True,568,False,True,0,0,174.88.12.44,2015-09-06 02:40:11.776028,True,iPhone 6,None,ios,8.4.1,2015-09-06 02:39:27,True,False,None,320,True,True,-1,0,-240,1.6.4,Paid,99,41
CTNCM8N7VI7G50SD,True,False,0,Other,1.0.7 (1.2.56),2015-09-05 15:09:23,True,True,True,480,None,True,0,1,37.39.207.98,2015-09-05 15:09:23,True,iPad mini 1G,None,ios,9.1,None,True,False,None,320,True,True,63,0,180,1.6.4,Paid,1230,56
LAPIIA8Y3H9S74SR,True,False,0,Other,1.0.6 (1.2.41),2015-09-05 10:23:45.103962,True,True,True,480,None,True,0,0,114.108.223.97,2015-09-05 10:23:45.103946,True,Unknown iPad5,None,ios,9.0,None,True,False,None,320,True,True,15,0,480,1.6.4,Paid,140,44
ANTIOQZYZPYV82BE,True,False,0,Verizon,1.0.7 (1.2.56),2015-09-05 02:43:13,True,True,True,736,False,True,0,1,71.72.98.122,2015-09-05 02:43:13,True,iPhone 6 Plus,None,ios,9.1,2015-09-30 01:36:00,True,False,None,414,True,True,73,0,-300,1.6.4,Paid,977,72
BY76R95KFGBHT3E4,True,False,0,T-Mobile,1.0.6 (1.2.41),2015-09-04 21:59:10.656401,True,True,True,568,True,True,0,0,50.0.117.66,2015-09-04 21:59:10.656386,True,iPhone 5s,2015-11-19 12:07:17,ios,8.2,None,True,False,2015-11-19 12:07:17,320,True,True,5,0,-420,1.6.4,Paid,630,14
C7TVNJU4PP616KQ9,True,False,0,TELIA,1.0.6 (1.2.41),2015-09-04 20:37:55.666467,True,True,True,480,False,True,0,0,213.67.206.226,2015-09-04 20:37:55.666450,True,iPhone 4S,None,ios,8.4,2015-09-14 20:15:32,True,False,None,320,True,True,9,0,120,1.6.4,Paid,1642,70
2CHE9XAWSYW4CJ3X,True,False,0,Other,1.0.7 (1.2.56),2015-09-04 18:44:14.664120,True,True,True,480,None,True,0,1,184.4.232.152,2015-09-04 18:44:14.664084,True,Unknown iPad5,None,ios,8.1,None,True,False,None,320,True,True,47,0,-240,1.6.4,Paid,866,25
BTUVV7BEK5T0W22V,True,False,0,Vodafone India,1.0.6 (1.2.41),2015-09-04 07:02:30.044650,True,True,True,568,None,True,0,0,115.254.92.121,2015-09-04 07:02:30.044624,True,iPhone 5,2015-10-02 10:46:20,ios,8.1.2,None,True,False,2015-10-02 10:46:20,320,True,False,1,0,330,1.6.4,Paid,568,27
7ZNU6NM7MSA8F35F,True,False,0,Vodafone India,1.0.6 (1.2.41),2015-08-31 07:16:34.587690,True,True,True,568,None,True,0,0,115.254.92.121,2015-08-31 07:16:34.587674,True,iPhone 5,2015-10-02 10:46:20,ios,8.1.2,None,True,False,2015-10-02 10:46:20,320,True,False,0,0,120,1.6.4,Paid,568,27
RJP533ZZG3HK45D,True,False,0,Vodafone India,1.0.6 (1.2.41),2015-08-31 05:52:57.251139,True,True,True,568,False,True,0,0,115.254.92.121,2015-08-31 05:52:57.251122,True,iPhone 5,2015-10-02 10:46:20,ios,8.1.2,None,True,False,2015-10-02 10:46:20,320,True,False,-1,0,120,1.6.4,Paid,568,27
9HQ6P7CXAOJQ8RLS,True,False,0,Vodafone India,1.0.6 (1.2.41),2015-08-29 05:53:09.463459,True,True,True,568,False,True,0,0,182.72.224.130,2015-08-29 05:53:09.463443,True,iPhone 6 Plus,2015-11-06 11:13:04,ios,8.1.1,None,True,False,2015-11-06 11:13:04,320,True,False,0,0,330,1.6.4,Paid,568,27
HPCIU8DK9PXQ1AAA,True,False,0,Vodafone India,1.0.6 (1.2.40),2015-08-28 14:44:34.550983,True,True,True,568,False,True,0,0,115.254.92.121,2015-08-28 14:44:34.550965,True,iPhone 6,2015-09-15 10:41:33,ios,8.3,None,True,False,2015-09-15 10:41:33,320,True,False,2,0,330,1.6.4,Paid,568,27
L9YRAPVGW68TEPE,True,False,0,Vodafone India,1.0.6 (1.2.40),2015-08-28 12:54:30.051820,True,True,True,568,False,True,0,0,182.72.224.130,2015-08-28 12:54:30.051803,False,iPhone 6,None,ios,8.3,None,True,False,None,320,True,False,0,0,-240,1.6.4,Paid,911,34
LJKUKQWKWNDSX9L1,True,False,0,Vodafone India,1.0.6 (1.2.39),2015-08-26 20:11:43.940454,True,True,True,568,False,True,0,0,115.254.92.121,2015-08-26 20:11:43.940438,True,iPhone 5,2015-10-02 10:46:20,ios,8.1.2,None,True,False,2015-10-02 10:46:20,320,True,False,1,0,120,1.6.4,Paid,568,27
